,latitude,longitude,qtd
0,-16.57603501740237,-49.26240164571678,2
1,-16.687637617357765,-49.197971428276574,9
2,-16.637648997888814,-49.1494505826418,10
3,-16.677109074926737,-49.309254987499735,2
4,-16.520167349863716,-49.25048229812385,12
5,-16.690383859983747,-49.26412757478737,1
6,-16.6435929695258,-49.25071925806839,3
7,-16.588148471557457,-49.21990822894199,8
8,-16.656545286274728,-49.278641687891444,7
9,-16.62982439982886,-49.318389376186225,12
10,-16.603275800268193,-49.241285020214654,2
11,-16.705400581907348,-49.27380946750566,13
12,-16.558348040361345,-49.24786207215567,6
13,-16.60658538358479,-49.308977809751774,5
14,-16.55968785264349,-49.30032457284277,12
15,-16.706091237755643,-49.30805128803414,14
16,-16.691400145650732,-49.23988120308202,5
17,-16.590624915308727,-49.2656666396322,14
18,-16.624692266724246,-49.295637134045755,15
19,-16.542783600871896,-49.24753813334009,9
20,-16.606456105120802,-49.228462759348425,15
21,-16.767453885249775,-49.20494272385076,4
22,-16.60267597118817,-49.283845663764474,2
23,-16.761848372679943,-49.263491579088836,7
24,-16.666361850099683,-49.26240592083288,5
25,-16.647641397142777,-49.28455907182187,15
26,-16.71013384965514,-49.25703848117306,13
27,-16.688460606756934,-49.204773993737234,8
28,-16.758808696617038,-49.23093112112382,10
29,-16.57689478700481,-49.20429582662189,7
30,-16.694114219344335,-49.18867401937144,10
31,-16.653606987980137,-49.35619964056235,3
32,-16.613306081713404,-49.26938652108018,15
33,-16.589532187300794,-49.30264057243734,6
34,-16.63201217068923,-49.23098807393959,8
35,-16.70328942466205,-49.33504782900289,5
36,-16.59970299519078,-49.310672912063026,8
37,-16.711775894762113,-49.23965354916788,3
38,-16.633138634612223,-49.218068972848506,12
39,-16.628606506253167,-49.191203480643935,10
40,-16.63635567954151,-49.207014720522714,4
41,-16.69914086520945,-49.218815764769666,13
42,-16.63123788597688,-49.191453144622926,12
43,-16.65621326964975,-49.296383779447964,4
44,-16.583857812742043,-49.28908060052593,5
45,-16.656294119143435,-49.20179304847509,7
46,-16.629591968287635,-49.256958115356234,11
47,-16.69410203357227,-49.1722422872321,9
48,-16.66418130456031,-49.20182816206227,12
49,-16.664063240940116,-49.096742338402265,14
50,-16.62899954029384,-49.21173402750724,3
51,-16.630223755945966,-49.1812809087637,6
52,-16.664153572416613,-49.289320741925266,11
53,-16.647352690630374,-49.17970406199054,13
54,-16.60810511287048,-49.26359931074212,6
55,-16.593773003097763,-49.245621848372465,6
56,-16.654674027149916,-49.23526913855762,5
57,-16.639404986831533,-49.222170873877516,8
58,-16.669118574935666,-49.312212476528394,1
59,-16.694603720818,-49.359152470701865,12
60,-16.648938410224883,-49.21117486290071,8
61,-16.644401094352556,-49.224793512026075,5
62,-16.719948703910816,-49.30094263499154,4
63,-16.653573844402196,-49.22216195665719,8
64,-16.760599884981286,-49.22650561669358,11
65,-16.568323517651407,-49.32851821420695,10
66,-16.642302114510795,-49.183421544233305,6
67,-16.628317780229914,-49.249999775352016,2
68,-16.62630605578249,-49.27462331057644,5
69,-16.73942568372778,-49.31855206929515,5
70,-16.544218916031298,-49.27880600590872,5
71,-16.596000161472773,-49.199750863311266,8
72,-16.670408027259942,-49.23888814595936,8
73,-16.73688325995766,-49.17948141458188,8
74,-16.633835866365306,-49.30056683706386,13
75,-16.706768590537603,-49.28785183937036,11
76,-16.671499901618002,-49.20366332640137,1
77,-16.624559372217366,-49.241722453052056,7
78,-16.674729014119677,-49.21123107846714,3
79,-16.645587871842388,-49.19940963935932,13
80,-16.628630833300843,-49.287293845593545,5
81,-16.66824990141325,-49.269931531803465,15
82,-16.625944598026887,-49.266742890258,13
83,-16.676980082926598,-49.22220493463291,15
84,-16.651250796361595,-49.23855854917831,11
85,-16.681881257374,-49.1644586770748,5
86,-16.661999873197047,-49.23537611735434,12
87,-16.663073839695624,-49.194285224274026,1
88,-16.717684432096522,-49.20337637705905,15
89,-16.749628731857555,-49.20422895022229,2
90,-16.648389493597396,-49.25706437621682,11
91,-16.690418182575698,-49.235796336243446,7
92,-16.697511561287108,-49.223142458702284,1
93,-16.668863052282543,-49.23616209705445,4
94,-16.569421756073623,-49.2191591063937,6
95,-16.657922519322753,-49.323832771400845,7
96,-16.725796552155803,-49.22861622239833,3
97,-16.731645842659244,-49.34927825652476,8
98,-16.6874274403958,-49.245379317179776,10
99,-16.664700793925252,-49.264547086169095,5
100,-16.7295138231143,-49.28883218529284,9
101,-16.675669878772496,-49.32582609800783,10
102,-16.594292238866018,-49.269087088574615,3
103,-16.559385748860596,-49.213007910187564,3
104,-16.636985691984478,-49.198070164800136,9
105,-16.633275608411676,-49.236233050740076,2
106,-16.62152611428497,-49.17189424245001,2
107,-16.65845361576956,-49.23767142885836,11
108,-16.645743062176237,-49.29973433088995,6
109,-16.666280774887625,-49.2436882039947,13
110,-16.585100178537786,-49.201599748181536,8
111,-16.726759328072323,-49.23907212891534,8
112,-16.6937178676379,-49.25989210158825,15
113,-16.66581603400383,-49.232366932913294,5
114,-16.649111284335632,-49.18048734647734,2
115,-16.57288319174397,-49.2703571873932,8
116,-16.634817264418167,-49.288381211376816,12
117,-16.62277044267831,-49.19447280213454,14
118,-16.59276186699882,-49.23147151802211,12
119,-16.703128265510692,-49.340141329929544,11
120,-16.689419575088053,-49.24258467151851,14
121,-16.598206419637677,-49.25726588306685,10
122,-16.647419669040914,-49.2275793886294,10
123,-16.706367891217596,-49.2658153352174,7
124,-16.75443993613554,-49.2560408763869,8
125,-16.619047710627463,-49.20867932648891,11
126,-16.622261485599843,-49.18015587135314,11
127,-16.61261657552755,-49.260775537370286,12
128,-16.694549109969934,-49.28066609744722,14
129,-16.720968964628028,-49.27876632721099,14
130,-16.63096042242215,-49.33124033540075,12
131,-16.70982952935723,-49.32237236605316,2
132,-16.66919577219461,-49.22630421651265,12
133,-16.59990643571252,-49.280388892598396,14
134,-16.681279512049485,-49.23711032534865,5
135,-16.6957077403005,-49.35075374118416,13
136,-16.67375205761007,-49.26580621113535,6
137,-16.59592913979101,-49.228397291541846,13
138,-16.7203865247385,-49.23777792865648,15
139,-16.676821272814408,-49.19919411630064,10
140,-16.636773353081246,-49.24279712769454,10
141,-16.634746530676573,-49.25241150435054,7
142,-16.555831165032348,-49.27159331499686,8
143,-16.72655027958453,-49.2092880793995,12
144,-16.57934098619221,-49.22605700294381,6
145,-16.650429782975145,-49.343585734835905,8
146,-16.657855661401243,-49.26942794326063,7
147,-16.691636949768206,-49.253061673295065,10
148,-16.61197314395846,-49.3471483622054,5
149,-16.619070683781132,-49.27180706985831,8
150,-16.600907712937435,-49.31662374551469,4
151,-16.641026715843648,-49.29959594478115,13
152,-16.68143247292308,-49.224777600587124,8
153,-16.663103455160638,-49.28200354479645,1
154,-16.684805425913922,-49.26251039888761,10
155,-16.68242886972399,-49.24120152942727,1
156,-16.676158466677997,-49.27296475563783,12
157,-16.728688631406833,-49.34003845729203,3
158,-16.6347123343231,-49.22699355327697,7
159,-16.68638345414877,-49.32304290321665,3
160,-16.68448535196606,-49.315318707414114,13
161,-16.772786419139443,-49.24937202572023,5
162,-16.735122949940692,-49.194703826126734,12
163,-16.67940572704729,-49.22780540466022,1
164,-16.703053741262778,-49.21125763979143,15
165,-16.791151037557555,-49.23804835420966,14
166,-16.675103091933654,-49.27374613356178,9
167,-16.64461987285432,-49.319974247266614,1
168,-16.686103544725754,-49.317337725102306,12
169,-16.584865250713868,-49.29165212970767,10
170,-16.74423049290656,-49.19990981368714,1
171,-16.65356577885999,-49.34003300604032,11
172,-16.64386820453791,-49.24406045060211,11
173,-16.633089175102917,-49.202644046948365,1
174,-16.702801327000103,-49.272118719806244,14
175,-16.6406985510725,-49.308071934891096,7
176,-16.722801115886746,-49.232284998209664,7
177,-16.709726099574226,-49.23249343816232,2
178,-16.691780866129598,-49.330949282132316,6
179,-16.664753708988854,-49.19605658102026,6
180,-16.67218222312283,-49.24482430043759,3
181,-16.644173526166508,-49.27024335435497,7
182,-16.613351190081154,-49.23098848443133,4
183,-16.72198590024942,-49.24732081977004,5
184,-16.69295931410707,-49.22158006092556,11
185,-16.670917674061698,-49.2634618584178,11
186,-16.618512661323976,-49.287671655815615,12
187,-16.64602283723998,-49.326625095242605,15
188,-16.7734591667897,-49.3529155858093,10
189,-16.637959748669946,-49.148933370326844,8
190,-16.663413891682882,-49.274401172367774,14
191,-16.707162189543485,-49.15426073407478,8
192,-16.689267699473206,-49.21384747476678,15
193,-16.70456475429111,-49.280076436238446,1
194,-16.62124230950929,-49.25666656700862,6
195,-16.706319088807508,-49.198989655966756,9
196,-16.639052818711235,-49.24581373624197,7
197,-16.622263165373425,-49.242356288573355,3
198,-16.70877637859308,-49.29762320979234,2
199,-16.617045080983996,-49.18217536784751,1
200,-16.712832979962403,-49.25587536657587,15
201,-16.671845238685247,-49.273203236992536,11
202,-16.690385220810448,-49.26500042864997,5
203,-16.64788654866015,-49.235887546888314,6
204,-16.646884155450316,-49.24786178277494,14
205,-16.6388128090949,-49.30842288899628,12
206,-16.58597110689388,-49.28343287381627,5
207,-16.631063601171796,-49.25829252802143,8
208,-16.61742669262666,-49.27118979405993,14
209,-16.632917282966705,-49.201735123579056,8
210,-16.677288521671223,-49.273220997471896,14
211,-16.677291938598245,-49.213599210717376,9
212,-16.604762166714664,-49.196243637372504,3
213,-16.572340511504507,-49.22003724610324,3
214,-16.624478260985413,-49.2761866846582,8
215,-16.66786693833233,-49.23490174105056,14
216,-16.71625512732462,-49.22207813908109,9
217,-16.650449746655198,-49.250623433382515,9
218,-16.751203519036274,-49.26110731268775,7
219,-16.70704701958751,-49.21757717020003,5
220,-16.622478792436006,-49.283706554935584,3
221,-16.632378297449605,-49.230746280096476,2
222,-16.62284307138833,-49.26731636392905,8
223,-16.618516179150248,-49.25999261934225,6
224,-16.657440605690066,-49.25251273542292,14
225,-16.6479774767794,-49.22470999976198,13
226,-16.641202667027393,-49.302083789259086,11
227,-16.68321900929997,-49.22864255332537,7
228,-16.680431629469563,-49.282372754902916,6
229,-16.6833052784443,-49.301662901848815,5
230,-16.66649702595418,-49.217663226534484,3
231,-16.734537576470743,-49.30493728437521,7
232,-16.708980295471363,-49.295130797521,6
233,-16.66660793937861,-49.2901646206003,7
234,-16.68366298020541,-49.25779193514483,7
235,-16.68592513584838,-49.300792284631584,14
236,-16.65853249868879,-49.22499872315547,1
237,-16.784728159905384,-49.2443549597415,3
238,-16.67768027523164,-49.20182457048617,4
239,-16.62860834489131,-49.24397793077242,4
240,-16.661334202241143,-49.223019723083986,1
241,-16.7579909600575,-49.26277703441905,4
242,-16.702006626125577,-49.28504874327635,1
243,-16.61648662226349,-49.23882067380491,9
244,-16.70312121837213,-49.2371261542804,4
245,-16.75135503370788,-49.27828037287038,9
246,-16.613522683943888,-49.3300482566969,1
247,-16.62192515052201,-49.281134158072994,7
248,-16.730814241039187,-49.20870581351133,12
249,-16.702337939993754,-49.22835941002181,5
250,-16.6065146005586,-49.14072488823777,9
251,-16.633792563527244,-49.221032114008814,13
252,-16.62005722620428,-49.26486072344726,6
253,-16.617329464150345,-49.2026185295444,2
254,-16.581967847146437,-49.21947380119801,10
255,-16.6148320982104,-49.318387296842616,14
256,-16.62675599414293,-49.25796885192327,1
257,-16.73878192358787,-49.19742852471037,4
258,-16.702924957381263,-49.21149017310757,14
259,-16.611576319094254,-49.255357969188864,3
260,-16.67343182280135,-49.23245016067083,4
261,-16.67434717680261,-49.2377478889608,9
262,-16.55633429631233,-49.228905818280545,5
263,-16.670982222941962,-49.32222136388609,3
264,-16.664189666323438,-49.260917326752285,13
265,-16.591229758794842,-49.30070856353024,5
266,-16.68031818338734,-49.25321461972942,4
267,-16.59688507226633,-49.320483467174775,7
268,-16.6456996155909,-49.283638876147165,15
269,-16.56470053857343,-49.18722349554136,2
270,-16.707044563503285,-49.11749033375593,10
271,-16.65650163807795,-49.25348940333916,2
272,-16.67666246475866,-49.21480755162029,2
273,-16.527725928463582,-49.21717010087231,6
274,-16.522921513909125,-49.286601946254656,5
275,-16.84185695667604,-49.17019431241193,4
276,-16.596021429539437,-49.28678895679602,3
277,-16.61227794475903,-49.274664199455565,4
278,-16.658013085182965,-49.327000916561445,3
279,-16.636771547586207,-49.29552463353369,3
280,-16.79149906734667,-49.32604104853761,4
281,-16.710937583559332,-49.271577332448565,13
282,-16.572658355964,-49.254455498337514,7
283,-16.727688567743467,-49.27906196654844,11
284,-16.705635775106447,-49.236663881175915,11
285,-16.621706795208997,-49.21802561070874,4
286,-16.61409045908339,-49.230864672434535,5
287,-16.677551771799898,-49.30668168425302,11
288,-16.596262994216715,-49.2393219525479,7
289,-16.5458702298819,-49.1585483741087,5
290,-16.674481092766843,-49.22005390739317,9
291,-16.687327763678994,-49.244223877678074,1
292,-16.63092164281707,-49.26558401934624,9
293,-16.644927912136886,-49.323445046313296,11
294,-16.6917953810496,-49.22028535538142,8
295,-16.603059464493164,-49.19438607467542,5
296,-16.678312668507882,-49.27895515614735,1
297,-16.58771457873977,-49.21215393586911,6
298,-16.554995489795346,-49.26941090497936,8
299,-16.691225889577037,-49.208922085331125,15
300,-16.748185230147186,-49.219846826034136,11
301,-16.633698454542575,-49.244727862011835,6
302,-16.661395234239848,-49.27025249085981,1
303,-16.673928925379467,-49.25879529144801,2
304,-16.63335710432541,-49.29458653211393,12
305,-16.638700690244583,-49.199279169071445,11
306,-16.706544037978304,-49.23670881149522,11
307,-16.70819368851824,-49.27789460767787,15
308,-16.6036866949536,-49.31216988496126,5
309,-16.641799208781055,-49.35141817582906,11
310,-16.636532397270248,-49.23646165003145,2
311,-16.624848445367412,-49.18134908223724,13
312,-16.703714826327005,-49.38098743120491,2
313,-16.691733997684906,-49.300380134482985,3
314,-16.711053505407726,-49.21236496544664,13
315,-16.682556738843697,-49.23646587182023,6
316,-16.643756224277638,-49.255586023151515,8
317,-16.680033792716248,-49.192218784482264,7
318,-16.608902189119334,-49.19657025885961,1
319,-16.75330611903748,-49.293933269295245,15
320,-16.58879311814164,-49.28203432971593,4
321,-16.655905176061957,-49.231331598526445,9
322,-16.64379023643729,-49.268599644847576,8
323,-16.67412745650567,-49.264397689393,6
324,-16.554643222996006,-49.19735430741182,10
325,-16.69580024573229,-49.15968408765571,2
326,-16.693033367079053,-49.180637225456074,4
327,-16.68342024046281,-49.293177384914564,5
328,-16.64180484568068,-49.23327032352964,6
329,-16.595934324722887,-49.163374124769355,12
330,-16.63022903433567,-49.17082083854829,3
331,-16.63453739310657,-49.19180560476614,1
332,-16.618477584904035,-49.24690448503347,9
333,-16.57371362998507,-49.2042801858278,5
334,-16.73195722774313,-49.23822576463537,15
335,-16.673514252740976,-49.23867879575633,11
336,-16.73789087616891,-49.290065944011445,13
337,-16.546001827208535,-49.21272144745974,12
338,-16.672165402211874,-49.2851124689971,8
339,-16.666931810012546,-49.22225215513572,6
340,-16.642258152451394,-49.242099058060504,14
341,-16.63119691093756,-49.22581558399864,2
342,-16.620493556170597,-49.186480823019856,2
343,-16.60028385252307,-49.2187765838026,1
344,-16.655614861209635,-49.23652180566988,11
345,-16.6094702949674,-49.24647446084165,5
346,-16.678042434435557,-49.24932868067172,3
347,-16.65860113328972,-49.254741774244316,6
348,-16.656478256811187,-49.2088024857799,2
349,-16.612555259792305,-49.247613300601586,5
350,-16.63313040655913,-49.30986480408657,13
351,-16.687948400085993,-49.293174685213316,15
352,-16.642110974966094,-49.33823706162979,4
353,-16.610304305004856,-49.16918315411716,9
354,-16.63395911760757,-49.1729675172647,12
355,-16.663642485214588,-49.29067531068379,15
356,-16.672086939281296,-49.238156038354184,5
357,-16.650080117555067,-49.287659182380246,1
358,-16.616820077880732,-49.2206097405009,9
359,-16.651889553719133,-49.29843886181498,5
360,-16.68700852116262,-49.30376820690566,4
361,-16.67668336462568,-49.27022724452305,2
362,-16.627119011430278,-49.28353033227711,3
363,-16.58846299277938,-49.231171229789574,4
364,-16.69047393842866,-49.270514777076784,14
365,-16.623678148747402,-49.23441743803234,1
366,-16.65866676204119,-49.2827586399776,6
367,-16.664092492201913,-49.208114542075734,9
368,-16.672021221120666,-49.27429844955241,8
369,-16.693135724174777,-49.26630127260119,13
370,-16.734581697769144,-49.18027990544917,5
371,-16.661815206316025,-49.287254935398664,10
372,-16.676542073338975,-49.25505823714775,9
373,-16.663681277038428,-49.220157075898356,15
374,-16.612938406554797,-49.27146574701699,13
375,-16.671906494860135,-49.24919744004655,5
376,-16.66348733194336,-49.1774735301338,4
377,-16.678888369499894,-49.25440530136596,7
378,-16.679301011906766,-49.284865848778935,4
379,-16.631296117316857,-49.249624337978844,2
380,-16.695750854591996,-49.28187719686512,6
381,-16.641629951345717,-49.243299020429916,10
382,-16.583735312423208,-49.24331822407622,1
383,-16.706410735980693,-49.33120889073362,3
384,-16.611060082534774,-49.24849496249603,10
385,-16.642917502807265,-49.26123529276189,6
386,-16.615279347764194,-49.2343367628876,11
387,-16.638866166064183,-49.33455342849771,11
388,-16.650742349548878,-49.16105994630218,13
389,-16.666731239005564,-49.2651640795703,12
390,-16.611221460739852,-49.28390890739483,14
391,-16.61856328416566,-49.23193153409543,6
392,-16.612950717050712,-49.23428957856722,15
393,-16.637679913726856,-49.2474315323989,7
394,-16.624279398828175,-49.16191100764095,13
395,-16.620384422253842,-49.18638241393672,9
396,-16.72080441649109,-49.24707406703679,2
397,-16.687951264464246,-49.16273330644833,11
398,-16.727231688608043,-49.22844257915992,8
399,-16.688147864544533,-49.23264527820646,14
400,-16.593784258524117,-49.282740963143546,14
401,-16.623604130218446,-49.27059971763944,14
402,-16.693202185991105,-49.28009477386907,14
403,-16.61183269590976,-49.2201071300171,13
404,-16.617123348229676,-49.29884234095696,11
405,-16.71273435673308,-49.17551121763426,9
406,-16.707628492609274,-49.23646995796101,8
407,-16.695883231378506,-49.32548968205806,3
408,-16.645884485729656,-49.24396286070844,12
409,-16.540599459612185,-49.32347672757888,3
410,-16.647188397868234,-49.16761334956178,6
411,-16.671094179247017,-49.31160592483247,15
412,-16.604861623365796,-49.194458083239006,12
413,-16.570711032238115,-49.189702285763595,14
414,-16.654981877891327,-49.35630045064955,11
415,-16.656767118524918,-49.236328525860856,10
416,-16.650969612993276,-49.31498862368163,2
417,-16.68598525969679,-49.282385153267946,4
418,-16.636209645168083,-49.207021302267435,13
419,-16.629178180228422,-49.301131238481624,6
420,-16.596107983769173,-49.28607485168127,14
421,-16.666802937155705,-49.26418902138249,10
422,-16.635589583132187,-49.25682012102031,11
423,-16.65911789506938,-49.17587767588619,9
424,-16.69052182164441,-49.20791644898545,6
425,-16.636963907468267,-49.27184527183151,10
426,-16.603754781879488,-49.23187407406757,1
427,-16.662454188768127,-49.25284334870388,14
428,-16.700145924485735,-49.245309820943056,1
429,-16.60609308237143,-49.307649044299446,1
430,-16.61875766942322,-49.15784100465027,10
431,-16.6361502612264,-49.28018372153023,1
432,-16.538031410309504,-49.30265381796465,4
433,-16.695521124308726,-49.20996575476867,5
434,-16.61668395099916,-49.28388374496777,14
435,-16.709428883978127,-49.20834282108724,5
436,-16.60249106613311,-49.1649143726736,11
437,-16.672464992155618,-49.1319362353152,10
438,-16.66128456007885,-49.22427776356351,10
439,-16.642958763223998,-49.31803226917731,8
440,-16.680151463467688,-49.26517514785523,4
441,-16.693320375399875,-49.22076500888005,9
442,-16.62171890387285,-49.22911290561689,3
443,-16.625418616014752,-49.185873321270385,10
444,-16.658719171530354,-49.313143815646065,9
445,-16.67790821549367,-49.261671983805286,7
446,-16.656242826366668,-49.29130611509054,10
447,-16.72526202009263,-49.29124384487437,13
448,-16.632049188218318,-49.29666847425091,2
449,-16.6458532458808,-49.11300433457297,9
450,-16.609054680431896,-49.30274815507126,8
451,-16.677088565811992,-49.32578733615303,6
452,-16.676460757631872,-49.25376175805369,6
453,-16.70965986372947,-49.24624144273696,7
454,-16.719564252638087,-49.245640964218964,5
455,-16.587071276230738,-49.3019208205842,12
456,-16.67157958413394,-49.15162737700871,13
457,-16.60241805564063,-49.29134953811129,12
458,-16.668022352584064,-49.302295236247936,2
459,-16.63801147837645,-49.27056068694192,4
460,-16.642688161205022,-49.31146401904577,1
461,-16.710178189675858,-49.209794794382475,5
462,-16.587605420767378,-49.23419012199747,6
463,-16.679649148855148,-49.322046072369524,12
464,-16.627432451038683,-49.29867037604962,13
465,-16.67546913145859,-49.15766674164648,2
466,-16.767826482597894,-49.25963099641486,15
467,-16.614232937610726,-49.23339219089767,11
468,-16.61651070559826,-49.33326474204415,10
469,-16.628766885952285,-49.17148924249195,2
470,-16.691019228255904,-49.24525049538848,12
471,-16.737740177852437,-49.18357966678439,10
472,-16.707616306870264,-49.23715861219347,7
473,-16.66251067511662,-49.20800742632004,3
474,-16.82016553996416,-49.29325194639117,4
475,-16.635237803285513,-49.26327233073723,15
476,-16.659656979427005,-49.24686872963678,9
477,-16.62218635377141,-49.19250701151476,1
478,-16.633000562026858,-49.142858253388916,5
479,-16.678340208102068,-49.28753872269169,8
480,-16.59385705143594,-49.1779676805445,14
481,-16.659181903926445,-49.21849478840795,13
482,-16.64102478477087,-49.28768660610087,12
483,-16.566758118829465,-49.1568374011394,10
484,-16.546847937190478,-49.23838762052632,1
485,-16.711801174811768,-49.21381581171895,8
486,-16.644876926346793,-49.291129180940935,8
487,-16.763529658793278,-49.27668746648144,11
488,-16.654243286140428,-49.34692017428214,6
489,-16.618067010958537,-49.25095168675443,15
490,-16.74324161167785,-49.26710821141576,15
491,-16.65438944795074,-49.26652366577635,9
492,-16.65078160276126,-49.25099942437663,14
493,-16.64970749279314,-49.372475287262766,6
494,-16.755765372254345,-49.2100715670141,1
495,-16.603879323111588,-49.25281634764867,1
496,-16.680592453800394,-49.282375915294615,14
497,-16.59859506944437,-49.24678515615837,9
498,-16.664980557740904,-49.26451581777045,10
499,-16.673173923654407,-49.259512697169704,10
500,-16.76806505215518,-49.36204320819863,5
501,-16.708160156956506,-49.28203868839167,15
502,-16.692011805204412,-49.23585245134055,13
503,-16.545122614870284,-49.21530568408432,8
504,-16.603894782918776,-49.27069981592334,15
505,-16.725149309353974,-49.24648030331953,8
506,-16.588596999644462,-49.200755331646214,7
507,-16.632031906396108,-49.197445225617116,1
508,-16.7068884428686,-49.194968200873,12
509,-16.637068387681087,-49.25578803142557,14
510,-16.664733451791513,-49.21863494613727,3
511,-16.56435357744923,-49.34849190222239,9
512,-16.656399555099146,-49.25383483342786,12
513,-16.637776914558813,-49.264130307814824,11
514,-16.658593829144927,-49.28488615284688,7
515,-16.687024754270773,-49.19066983450178,9
516,-16.6080816855488,-49.2857193938193,14
517,-16.63854026695257,-49.25305911272001,7
518,-16.65924393644989,-49.19692494793106,5
519,-16.581011742508476,-49.13715117917254,9
520,-16.688536279420525,-49.26706960665767,12
521,-16.699025213467948,-49.185767958278916,9
522,-16.552402475369565,-49.307211375122016,7
523,-16.62439746885878,-49.286694522841124,4
524,-16.654761352365178,-49.23177071529493,5
525,-16.622017685606682,-49.27093566680957,15
526,-16.65110390284213,-49.19109563104485,3
527,-16.628297792707524,-49.32099576956299,9
528,-16.714854252834257,-49.239020492403185,8
529,-16.669367118749246,-49.213037708581204,1
530,-16.726354534002983,-49.23881658434088,5
531,-16.638031803288857,-49.22262934767689,8
532,-16.634775120018,-49.28676792271911,13
533,-16.61344913840258,-49.27593611854575,15
534,-16.599080453829306,-49.3238598163295,7
535,-16.68496219633574,-49.162960167094084,9
536,-16.622502767690616,-49.25944594621558,8
537,-16.621333456814398,-49.21461363878871,13
538,-16.65130471152482,-49.271977141031,2
539,-16.63214993692452,-49.2806415815652,9
540,-16.674138831047745,-49.19871971534469,5
541,-16.732278148582843,-49.29648287710474,10
542,-16.675553847147647,-49.28308956000074,10
543,-16.75823118635889,-49.36261553472601,1
544,-16.61577405322742,-49.27057429861615,11
545,-16.649178774219813,-49.29732836048005,9
546,-16.70180445775907,-49.26039666237428,14
547,-16.627214353509245,-49.290684818145685,3
548,-16.68268097681124,-49.35328875913089,9
549,-16.69606728538187,-49.224198643847444,1
550,-16.66720079133867,-49.28657467006177,8
551,-16.675086820149314,-49.28484501822897,1
552,-16.76398211377952,-49.308381940079734,9
553,-16.691208120644305,-49.24916502848935,5
554,-16.607585655398566,-49.21687308648517,7
555,-16.66710423746261,-49.31278923146952,4
556,-16.594599667065722,-49.27262441447132,15
557,-16.753947782376997,-49.32815590036343,7
558,-16.647441597679133,-49.34732572309545,14
559,-16.699627521488505,-49.21658979982011,10
560,-16.66131986501639,-49.201081960175884,8
561,-16.623942044606313,-49.26544834202939,7
562,-16.56743568937178,-49.33513236543637,12
563,-16.763179038795858,-49.23918371956035,5
564,-16.59174938609184,-49.37738204563962,6
565,-16.639808988213105,-49.367756180353815,4
566,-16.676162414049312,-49.25536199740867,8
567,-16.614717817998795,-49.27334905411493,13
568,-16.551930431015336,-49.30989872716564,4
569,-16.650554950033623,-49.249240816066404,12
570,-16.680431130653208,-49.27485494210317,6
571,-16.618737266377366,-49.293939625533,2
572,-16.64688732595408,-49.186698413369996,2
573,-16.627744635255947,-49.194882612159894,8
574,-16.63765108239242,-49.16867391587648,4
575,-16.712223598416653,-49.23094213061437,10
576,-16.573271976502543,-49.3158924220546,4
577,-16.63953537860855,-49.34628198814192,6
578,-16.638121400595825,-49.311087324753196,11
579,-16.65057874862736,-49.25780679641628,15
580,-16.61116181293807,-49.291875460698805,9
581,-16.67791306168782,-49.173649350802776,9
582,-16.62385758392871,-49.30811248249405,14
583,-16.630485214104944,-49.30055373661024,3
584,-16.665720851778524,-49.29464270311497,7
585,-16.619908131817134,-49.26640390133278,5
586,-16.618186992240595,-49.227235049914704,8
587,-16.600650033368904,-49.27037307029506,13
588,-16.630645256297274,-49.18223956095527,8
589,-16.676450308894598,-49.190457979687395,3
590,-16.595300062485663,-49.29190945310509,12
591,-16.682180818812885,-49.21116549815155,4
592,-16.747539765605293,-49.17632487972939,15
593,-16.64621163000301,-49.25555931065618,8
594,-16.58632540073011,-49.213812867773306,2
595,-16.67142371390626,-49.255091252978424,2
596,-16.612407975846647,-49.27846227812097,9
597,-16.63780752223677,-49.20164691731703,15
598,-16.632857624377465,-49.23441995488387,1
599,-16.636620967488575,-49.30146361184212,11
600,-16.682837481681457,-49.26535924322044,13
601,-16.623751670172307,-49.159249965294116,10
602,-16.70073770196365,-49.25667300982669,7
603,-16.5931409126779,-49.30647411286178,6
604,-16.5989186451896,-49.26783627132997,6
605,-16.62265240449082,-49.27162631104507,9
606,-16.716051999703218,-49.226857155408695,3
607,-16.692491036865757,-49.246148147425195,3
608,-16.668636173662563,-49.263391970258446,12
609,-16.66712690736194,-49.24219772632854,3
610,-16.56935594677971,-49.225886130127584,13
611,-16.622782796655144,-49.252703281287715,4
612,-16.58061169988983,-49.271783934502885,10
613,-16.723268447933524,-49.224215405332934,6
614,-16.630283994561523,-49.21041387170082,4
615,-16.567078808846038,-49.28472954313333,2
616,-16.636500439736853,-49.27589087356111,3
617,-16.73518235429209,-49.21633465725005,5
618,-16.62274890511628,-49.25611296431813,12
619,-16.718996700331736,-49.275970912553284,5
620,-16.719132430099098,-49.24801853521233,15
621,-16.615231007101027,-49.23058952748937,2
622,-16.658447597160336,-49.29540620684895,1
623,-16.67738730092432,-49.27312566073892,12
624,-16.636626847674695,-49.20213629764279,3
625,-16.653780916563186,-49.28770016354531,8
626,-16.566352629215224,-49.152685927969884,5
627,-16.577215679611548,-49.323968326039065,5
628,-16.66373744925076,-49.318163598426224,14
629,-16.687411336382063,-49.26569536945378,13
630,-16.740478514255713,-49.29355036346127,2
631,-16.566239256364884,-49.257476881830264,13
632,-16.67370902033006,-49.37813248593604,12
633,-16.670579279586548,-49.22837693770537,5
634,-16.66106519886169,-49.209077383235325,15
635,-16.601021246112857,-49.19491453054603,1
636,-16.66523820926338,-49.264592383430724,15
637,-16.70598305759279,-49.24935073704642,7
638,-16.59506404784023,-49.27731180594881,7
639,-16.624785358196764,-49.186003616571284,1
640,-16.71231400683496,-49.26111499388346,10
641,-16.64135894405331,-49.32481491455729,15
642,-16.698033279277446,-49.25669176517745,9
643,-16.682949819756896,-49.19688994814518,5
644,-16.60653717369315,-49.20683464507104,5
645,-16.62581117449254,-49.191563875959744,2
646,-16.623061487448915,-49.25081786057364,13
647,-16.721150480823074,-49.31842795800647,13
648,-16.733206992864574,-49.26256129822694,14
649,-16.658019322535147,-49.31386042477361,11
650,-16.63006705390744,-49.27711055662434,13
651,-16.675296898228286,-49.20431501733163,6
652,-16.610044420923845,-49.22102168129307,5
653,-16.552792471448846,-49.24157485836993,9
654,-16.67573525029385,-49.3197648296524,13
655,-16.60551622092575,-49.215007593703795,7
656,-16.77380396079974,-49.250374992042595,10
657,-16.69379070442955,-49.2091368194875,10
658,-16.697840317182003,-49.196238804541075,1
659,-16.56037616472961,-49.269812494179256,8
660,-16.67592337212583,-49.25245829871843,12
661,-16.668245032772955,-49.37314175655676,4
662,-16.779641297168943,-49.25620963514354,13
663,-16.655909069013937,-49.192109029515024,8
664,-16.696404328051116,-49.331287411475444,13
665,-16.594323862953843,-49.24695435022062,12
666,-16.6204212026057,-49.25094200632616,11
667,-16.691680432022014,-49.28803274676825,10
668,-16.704126312944652,-49.272516651862624,6
669,-16.45806565738353,-49.1784150308526,8
670,-16.657616119813255,-49.228098245483636,2
671,-16.700527235730277,-49.255697808800235,11
672,-16.60654375800377,-49.239417319899815,13
673,-16.68893874105367,-49.27328601383058,8
674,-16.609985296355603,-49.32105105115706,1
675,-16.68290182527628,-49.24432443271072,4
676,-16.63623549455285,-49.33642216189601,6
677,-16.596916087528705,-49.29870415827808,8
678,-16.63401998806809,-49.16921840924599,10
679,-16.718766777660726,-49.246033870643664,6
680,-16.685661069211644,-49.34052148921367,3
681,-16.65179258565617,-49.25535258751999,1
682,-16.630142519979096,-49.199277263654146,13
683,-16.667068188565086,-49.24664025627741,2
684,-16.638010563079515,-49.225496898039474,13
685,-16.665198785792526,-49.30152106185593,10
686,-16.642310833197673,-49.27266581383626,1
687,-16.67394276698807,-49.231626023021356,15
688,-16.706215178935214,-49.277576694461445,10
689,-16.637836601941505,-49.23240333284198,15
690,-16.66426438461155,-49.29532444892047,4
691,-16.61884346456625,-49.21806788093578,7
692,-16.609687983026166,-49.24259626595612,7
693,-16.621025497433326,-49.215638011900644,7
694,-16.635373258712537,-49.24208424897839,12
695,-16.68627045116132,-49.23717782444717,7
696,-16.605506347923814,-49.161026678039484,4
697,-16.65031008237964,-49.3043472733305,9
698,-16.681948442379607,-49.23816598489944,11
699,-16.622779142025802,-49.232251845180656,3
700,-16.684711203253464,-49.218569041692774,5
701,-16.634298365553292,-49.296308376777446,14
702,-16.602907048946143,-49.260440537485586,3
703,-16.713276504612022,-49.21767213165471,1
704,-16.578005965700868,-49.168226251650346,15
705,-16.690612435302626,-49.15266686789969,12
706,-16.660974088740826,-49.23852304262456,15
707,-16.667769048986408,-49.28370252617092,15
708,-16.694751928166223,-49.25732604848542,15
709,-16.628181660930007,-49.237305508819,1
710,-16.645747179748906,-49.29572503764543,13
711,-16.64983316481931,-49.200097393763095,2
712,-16.65066343161168,-49.224502755942794,12
713,-16.65478407125689,-49.24390279482551,2
714,-16.653974489099845,-49.26008717559092,8
715,-16.70081884591586,-49.32175541262778,13
716,-16.71340970268503,-49.27009873263631,14
717,-16.636909531453718,-49.24413282300752,12
718,-16.64071690068695,-49.19762862276277,6
719,-16.638583213649127,-49.24462789181111,9
720,-16.724294772529657,-49.328608130327524,8
721,-16.652343946405402,-49.23608530290692,6
722,-16.55549111893701,-49.15508821583873,3
723,-16.705936762837574,-49.17988468076659,1
724,-16.66218407997026,-49.2304327564107,9
725,-16.586231747467693,-49.18993648797207,9
726,-16.553310726934743,-49.21258351852791,11
727,-16.726605215019653,-49.25492413588301,2
728,-16.670508447768256,-49.21111694697358,6
729,-16.76473121081667,-49.22611695862428,2
730,-16.744005540156575,-49.26925114125614,14
731,-16.62356884765028,-49.1855921964877,12
732,-16.6542363009116,-49.18370798264932,2
733,-16.633563864274134,-49.19050121755347,8
734,-16.772910886545134,-49.290361507901075,10
735,-16.657264045699215,-49.316806992649944,14
736,-16.728666311786576,-49.2104356079757,11
737,-16.62585224736275,-49.26809441447411,12
738,-16.62366581003108,-49.24925727069599,6
739,-16.640919619580515,-49.24518108035001,4
740,-16.682424058554318,-49.26466132786501,15
741,-16.772032652246608,-49.27755437245733,7
742,-16.662342232580777,-49.22066443496238,9
743,-16.562782112720225,-49.22583443126879,15
744,-16.5719405043697,-49.33582191996479,5
745,-16.725196834731083,-49.26605013714167,13
746,-16.68253888779993,-49.30657610110233,15
747,-16.558460398132215,-49.2994947494565,4
748,-16.639868529250815,-49.20310724428344,2
749,-16.61452232905249,-49.19463306637734,9
750,-16.650062099504773,-49.295716615552934,12
751,-16.65056926626231,-49.196295222281215,11
752,-16.692488805959037,-49.208687446078606,13
753,-16.62223726284248,-49.29904079816933,4
754,-16.698520204966343,-49.24845623621245,4
755,-16.618726225757197,-49.23040800837715,3
756,-16.737682128792432,-49.29808923725294,13
757,-16.638944988907447,-49.251160993783536,7
758,-16.611490996055736,-49.25050430638979,14
759,-16.69408019520619,-49.19505420725591,13
760,-16.604440388853725,-49.3695877396064,15
761,-16.64330262145042,-49.26553507600989,6
762,-16.586468913344127,-49.25546141026993,15
763,-16.649137598593942,-49.27975066706638,11
764,-16.69664739245705,-49.31550767323027,13
765,-16.630154293300393,-49.27090345935405,5
766,-16.70304972940488,-49.2164849626788,15
767,-16.623844445420467,-49.261843692362355,3
768,-16.650407643469293,-49.146166720685436,12
769,-16.62062561621792,-49.227182931811434,3
770,-16.72012018765183,-49.218874731794344,12
771,-16.671130758264095,-49.294986281845794,1
772,-16.564014286907902,-49.33826163670985,10
773,-16.715657981642263,-49.23868355289803,4
774,-16.555803675826088,-49.30892442513075,1
775,-16.5372349194294,-49.209805481167884,11
776,-16.647893752813314,-49.25333675947106,7
777,-16.706354097723707,-49.31128307567433,12
778,-16.614044661552654,-49.30638409136453,9
779,-16.672249037612385,-49.194604437942694,2
780,-16.65195503273797,-49.337244047367584,7
781,-16.676871909675814,-49.23516295939605,13
782,-16.586834990447954,-49.24778572636783,14
783,-16.599486805014532,-49.215056543543305,15
784,-16.60651620565079,-49.289847840519485,11
785,-16.720026216698912,-49.259972730844964,5
786,-16.671138945425625,-49.271344474784094,12
787,-16.66997869395372,-49.250678599098165,4
788,-16.66382403676174,-49.2024290742744,10
789,-16.598972411320393,-49.15237936633587,8
790,-16.71340752081162,-49.215292516356335,12
791,-16.658169155802096,-49.212537241933745,15
792,-16.601851514188432,-49.25793361075311,14
793,-16.654388517523305,-49.26518392584431,4
794,-16.60736291125312,-49.28236093783903,10
795,-16.695993512377015,-49.25942105712712,5
796,-16.589028437806046,-49.2653328078391,7
797,-16.650028686130582,-49.2421651077441,13
798,-16.718547147125786,-49.27282736422669,2
799,-16.690516500837973,-49.21748920345718,7
800,-16.660587921378408,-49.18383090756491,10
801,-16.643040905932008,-49.22785527324578,15
802,-16.658223237301392,-49.323760488328915,11
803,-16.72501281593174,-49.21144269462714,12
804,-16.715378077249753,-49.23200840802369,1
805,-16.703156971575673,-49.24889663598509,2
806,-16.72922385017939,-49.19671480438853,5
807,-16.601302970526156,-49.317228336117495,8
808,-16.650205916808396,-49.23267624090014,15
809,-16.651344882901572,-49.27859570132966,13
810,-16.580139617621192,-49.308737244754084,5
811,-16.72394108845744,-49.25755645608043,15
812,-16.67568022019242,-49.256817342737946,9
813,-16.656935481846396,-49.154650318958,15
814,-16.690541870402615,-49.21113219035243,13
815,-16.65836942752007,-49.2567190289391,7
816,-16.66131081358939,-49.19501160987039,4
817,-16.62894381908532,-49.34842982612354,6
818,-16.686702916781897,-49.301144961022096,6
819,-16.620007153991175,-49.29898866105828,12
820,-16.693820987351074,-49.257028471953554,14
821,-16.706609617724133,-49.174974539757024,6
822,-16.588745469341642,-49.388591920744055,9
823,-16.642948448231873,-49.22297346925843,7
824,-16.734817558189526,-49.29719658173285,15
825,-16.66796032819626,-49.17818528072285,15
826,-16.675887998492993,-49.2497536419822,3
827,-16.735198142773452,-49.234277748711314,14
828,-16.619939245746416,-49.34093799678169,4
829,-16.63080383482436,-49.260284244475606,6
830,-16.647097358608796,-49.32223537366346,15
831,-16.613293335550615,-49.2338297778226,3
832,-16.59872765742591,-49.28193704804314,13
833,-16.774810658978996,-49.273420293250894,3
834,-16.743722714034597,-49.129795946632505,15
835,-16.768169983808523,-49.19333964179286,11
836,-16.644422694743138,-49.24361423302518,7
837,-16.633084318362226,-49.12649564168162,2
838,-16.638726127363242,-49.27582150404347,3
839,-16.649807577202452,-49.27366355355587,3
840,-16.686277736136812,-49.25178923510054,2
841,-16.69053183099088,-49.27590194928588,1
842,-16.730510096827302,-49.28984122963173,10
843,-16.69651260595023,-49.26323449290618,15
844,-16.682274148303215,-49.305949533287986,1
845,-16.663383245068257,-49.206491889737926,3
846,-16.64111627194148,-49.29851047845349,10
847,-16.71591728331118,-49.29423724599266,2
848,-16.65975138468438,-49.28165461726943,12
849,-16.69781753909234,-49.19396664201292,9
850,-16.617375868568207,-49.33074248707917,11
851,-16.569342763362307,-49.32324525375927,6
852,-16.620783219367468,-49.26719975608301,1
853,-16.628357069058836,-49.25396337100507,13
854,-16.61062802754909,-49.21603464588844,9
855,-16.676300705896477,-49.232905743217984,2
856,-16.61894124233617,-49.33487658761387,13
857,-16.57469170371183,-49.34587259884521,4
858,-16.6720032418151,-49.27446173609243,8
859,-16.67663857006452,-49.228286993831745,12
860,-16.681114386713045,-49.21716188947281,1
861,-16.660045097193187,-49.16275662408922,7
862,-16.69579658484081,-49.22799814905677,9
863,-16.729230426057796,-49.34230464903073,13
864,-16.65187690801134,-49.314614132775304,8
865,-16.687633687802236,-49.324152643303435,3
866,-16.61105431244433,-49.23279394877659,13
867,-16.67507426016973,-49.117084457750266,9
868,-16.646901586265745,-49.245525583035686,3
869,-16.68448475322064,-49.342648665950236,12
870,-16.61770622892667,-49.267984567042596,14
871,-16.61279591207963,-49.227483200477536,1
872,-16.6521497468698,-49.14048203306958,11
873,-16.52316459602069,-49.2366389948632,3
874,-16.637159166281204,-49.16321838154617,5
875,-16.584374374704897,-49.195909667017546,14
876,-16.683123257650095,-49.324328428936674,2
877,-16.766900846921576,-49.31299819010298,4
878,-16.75150266398833,-49.31752619526762,14
879,-16.65273124930041,-49.29382277317419,5
880,-16.658934190478906,-49.371425220664996,11
881,-16.649476063663197,-49.23262474508439,3
882,-16.684136847282993,-49.26228763985411,6
883,-16.63336117691041,-49.21510390723163,14
884,-16.738500624811344,-49.240424303657726,9
885,-16.555794158372382,-49.27754910048109,10
886,-16.654510847610556,-49.20703324219776,1
887,-16.691133069373848,-49.27827502334002,11
888,-16.683634772995994,-49.214474062956995,13
889,-16.80215527560129,-49.252856727184344,8
890,-16.548620075621663,-49.27339944969076,4
891,-16.58738629298491,-49.28063041974997,12
892,-16.622070801098054,-49.232222882793984,14
893,-16.635376380771138,-49.35721077042999,6
894,-16.682683873003516,-49.27760959008878,10
895,-16.624485617171196,-49.284713475883464,7
896,-16.626983674718826,-49.190859292841296,2
897,-16.658838445153,-49.17783494513664,2
898,-16.654222787526656,-49.219943892552884,10
899,-16.696972328753912,-49.138563212250695,10
900,-16.719191124264295,-49.31728917193218,3
901,-16.59685409823662,-49.24009819830342,5
902,-16.654406625583814,-49.24435888601751,4
903,-16.581341397912688,-49.29030515626135,11
904,-16.714464494957586,-49.21372689472741,4
905,-16.580589955437883,-49.146621240704086,2
906,-16.62078419992653,-49.22675771629498,4
907,-16.71456151036981,-49.22388178398545,11
908,-16.586154266228053,-49.27080658883519,11
909,-16.641099019128383,-49.240799992210796,9
910,-16.711167682319452,-49.21781501445524,5
911,-16.68719024293453,-49.24639634663079,4
912,-16.648791944220033,-49.21993978840869,12
913,-16.622782754293752,-49.24027267933983,7
914,-16.614086109750577,-49.26432963371099,4
915,-16.657950049990433,-49.200754285412806,7
916,-16.660696771432438,-49.26345549850128,13
917,-16.616674669246798,-49.28378329882309,7
918,-16.81444191794535,-49.19247499452269,3
919,-16.64050760785247,-49.205206889223206,2
920,-16.52066707553789,-49.198462040390154,10
921,-16.699770723536826,-49.214807825383545,13
922,-16.671951796566745,-49.261949836566345,12
923,-16.654482509602513,-49.28876064190237,6
924,-16.578709129497618,-49.297353330389065,15
925,-16.68605960190606,-49.298884914190744,3
926,-16.660008454897156,-49.28768828166311,6
927,-16.626828296870126,-49.25124691037939,11
928,-16.66333498607476,-49.33377475441042,7
929,-16.640296629433976,-49.28555707087846,4
930,-16.504396165343845,-49.293171688801074,2
931,-16.704543584845702,-49.35662222298121,4
932,-16.60221051396724,-49.30030040925311,5
933,-16.575006707612918,-49.24937095860757,10
934,-16.7160896182058,-49.27002494127462,4
935,-16.659076833713797,-49.29331034735162,11
936,-16.6701930807141,-49.25255903255805,10
937,-16.59127060733471,-49.3220180124867,11
938,-16.75127469405753,-49.27732868165798,1
939,-16.62127405202395,-49.21978170737653,15
940,-16.674877376051253,-49.292636009796375,14
941,-16.621074664604727,-49.29972057309466,11
942,-16.60176115472956,-49.246248898442154,4
943,-16.602281140786125,-49.30417224888444,13
944,-16.600172970607176,-49.13239712606082,11
945,-16.642980272176036,-49.29657954807485,1
946,-16.692756178749754,-49.201581073610356,10
947,-16.66514704587792,-49.29371439997921,12
948,-16.632546302380028,-49.24223193540492,8
949,-16.65452431169516,-49.25335815517378,10
950,-16.59894136607739,-49.23528743068922,5
951,-16.698146495513754,-49.27038353546104,4
952,-16.727712915676502,-49.281530147544956,2
953,-16.6893244216463,-49.2215310911268,13
954,-16.62896334869177,-49.322327114852655,6
955,-16.606128407651795,-49.22800045328875,4
956,-16.757267739437573,-49.26505062030794,8
957,-16.653908113843674,-49.22676763680428,6
958,-16.661505206655683,-49.31292083079539,9
959,-16.65735958359561,-49.259619524876335,9
960,-16.69482919209172,-49.30559129088594,8
961,-16.628494059183584,-49.25731375652537,1
962,-16.704203839514346,-49.277918166550364,2
963,-16.64058585538448,-49.25363266146646,14
964,-16.622932987918645,-49.26718469197432,14
965,-16.61070178930514,-49.2095421378692,13
966,-16.68941419687428,-49.382889479999044,1
967,-16.56659011637447,-49.24845938997991,1
968,-16.56806896715138,-49.17520155067931,2
969,-16.619901449041244,-49.24983540688739,10
970,-16.63670171129087,-49.2949623670867,15
971,-16.59138613852492,-49.312299012495565,14
972,-16.57256708848629,-49.33182897907212,6
973,-16.660615724911352,-49.252861231036,15
974,-16.73059513303134,-49.21466449563368,5
975,-16.593348333553678,-49.287863719042136,1
976,-16.569323260089845,-49.26143249789569,12
977,-16.59598918541392,-49.234736820136895,1
978,-16.644495832109214,-49.26492427390336,2
979,-16.765469533683508,-49.287000368613086,3
980,-16.60354609100007,-49.29170204223953,11
981,-16.660442825762384,-49.25098905896236,12
982,-16.61875826409302,-49.24108715113592,4
983,-16.714620996321283,-49.25540766326735,6
984,-16.614038929000735,-49.26499311712847,10
985,-16.586153209548215,-49.22937609256255,8
986,-16.62354355075858,-49.18228437900919,7
987,-16.655821789761717,-49.18565382853745,8
988,-16.643082717105088,-49.21107973656085,7
989,-16.67646375594524,-49.31652887248063,2
990,-16.65918876177557,-49.27426795524702,8
991,-16.63671663828385,-49.28220499052816,7
992,-16.651768267241316,-49.195608563381306,1
993,-16.629547844457154,-49.20901991926341,15
994,-16.659333686232774,-49.225600667959434,1
995,-16.669726710148144,-49.17879744605223,6
996,-16.706269709215142,-49.15901288888956,3
997,-16.703837198496867,-49.28458881811715,9
998,-16.598561018209313,-49.23227919417256,7
999,-16.577732650921345,-49.239904002789494,11
